login,name,email,company,location,profile
"1st1","Yury Selivanov","","@vercel ","San Francisco","https://github.com/1st1"
"alex-grover","Alex Grover","hello@alexgrover.me","Vercel","Brooklyn, NY","https://github.com/alex-grover"
"anatrajkovska","Ana Trajkovska","","@vercel","Germany","https://github.com/anatrajkovska"
"atinux","Sébastien Chopin","atinux@gmail.com","@nuxt . @vercel","France","https://github.com/atinux"
"benjamincanac","Benjamin Canac","canacb1@gmail.com","@vercel","Bordeaux, France","https://github.com/benjamincanac"
"bgw","Benjamin Woodruff ‮","github@benjam.info","@Vercel","San Carlos, CA","https://github.com/bgw"
"bobmshannon","Bob Shannon","","@Vercel","New York, NY","https://github.com/bobmshannon"
"calebboyd","Caleb Boyd","","@vercel","","https://github.com/calebboyd"
"christopherkindl","","","Vercel","Zug, Switzerland","https://github.com/christopherkindl"
"chriswdmr","Chris","","","Germany","https://github.com/chriswdmr"
"devjiwonchoi","Jiwon Choi","devjiwonchoi@gmail.com","@vercel","","https://github.com/devjiwonchoi"
"dieDeMiguel","Diego de M.","","Vercel","Hamburg","https://github.com/dieDeMiguel"
"dvoytenko","Dima Voytenko","","Vercel","CA","https://github.com/dvoytenko"
"ecklf","Florentin / 珞辰","ecklf@icloud.com","@vercel","Munich, Germany","https://github.com/ecklf"
"emeraldsanto","Yanick Bélanger","me@yan.fyi","@vercel","Montréal, Québec, Canada","https://github.com/emeraldsanto"
"eps1lon","Sebastian ""Sebbie"" Silbermann","silbermann.sebastian@gmail.com","","Berlin, Germany","https://github.com/eps1lon"
"evilrabbit","Evil Rabbit","hello@evilrabb.it","Vercel","San Francisco, CA.","https://github.com/evilrabbit"
"fantix","Fantix King","fantix.king@gmail.com","@vercel","Toronto, ON","https://github.com/fantix"
"feugy","Damien Simonin Feugas","damien.feugas@gmail.com","","Villeurbanne, France","https://github.com/feugy"
"gdborton","Gary Tyr","","Vercel","Los Angeles","https://github.com/gdborton"
"healeycodes","Andrew Healey","healeycodes@gmail.com","@vercel ","🇬🇧","https://github.com/healeycodes"
"HugoRCD","Hugo","","@vercel . @nuxt","London","https://github.com/HugoRCD"
"icyJoseph","Joseph","","@vercel","Stockholm, Sweden","https://github.com/icyJoseph"
"ijjk","JJ Kasper","jj@jjsweb.site","@Vercel","San Francisco, CA","https://github.com/ijjk"
"javivelasco","Javi Velasco","","@vercel ","Madrid","https://github.com/javivelasco"
"julianbenegas","Julian Benegas","julianbenegas99@gmail.com","@vercel","Buenos Aires, Argentina","https://github.com/julianbenegas"
"kobolog","Andrey Sibirev","me@kobolog.me","","New York, NY","https://github.com/kobolog"
"Krish120003","Krish","krish120003@gmail.com","","San Francisco","https://github.com/Krish120003"
"lfades","Luis Alvarez D.","luis@vercel.com","https://vercel.com","Sabaneta - Colombia","https://github.com/lfades"
"lubieowoce","Janka Uryga","","next.js team @vercel","Berlin, Germany","https://github.com/lubieowoce"
"lucleray","Luc Leray","","@vercel","","https://github.com/lucleray"
"luismeyer","Luis Meyer","luis_meyer@outlook.de","@vercel ","Bremen","https://github.com/luismeyer"
"lukahartwig","Luka Hartwig","","@vercel","Hamburg","https://github.com/lukahartwig"
"martinsione","Martin Sione","martinsione03@gmail.com","@Vercel","","https://github.com/martinsione"
"matchai","Matan Kushner","hello@matchai.dev","@vercel","Tokyo, Japan","https://github.com/matchai"
"mglagola","Mark Glagola","","Vercel","United States","https://github.com/mglagola"
"mischnic","Niklas Mischkulnig","","@vercel","Germany","https://github.com/mischnic"
"n1ckoates","Nick Oates","","@Vercel","pdx","https://github.com/n1ckoates"
"NicolasMontone","Nicolás Montone","","@vercel","San Francisco","https://github.com/NicolasMontone"
"nsidnev","Nik","","@vercel","Toronto, ON","https://github.com/nsidnev"
"padmaia","Maia Teegarden","hey@padmaia.com","","AZ","https://github.com/padmaia"
"patrickaltair","Patrick Altair","","","Vancouver","https://github.com/patrickaltair"
"plmrry","Paul Murray","","@vercel","Brooklyn, New York","https://github.com/plmrry"
"posva","Eduardo San Martin Morote","","@vercel","Berlin","https://github.com/posva"
"qiao","Xueqiao (Joe) Xu","xueqiaoxu@gmail.com","@vercel","Saratoga, CA","https://github.com/qiao"
"QuiiBz","Tom Lienard","","@vercel","London","https://github.com/QuiiBz"
"Railly","Railly Hugo","","Vercel","Peru, Argentina","https://github.com/Railly"
"rauchg","Guillermo Rauch","rauchg@gmail.com","https://vercel.com","SF","https://github.com/rauchg"
"raunofreiberg","rauno","","","","https://github.com/raunofreiberg"
"RihanArfan","Rihan Arfan","me@file.properties","@nitrojs @nuxt-hub @nuxtlabs @vercel","England","https://github.com/RihanArfan"
"samcx","Sam Ko","sam@vercel.com","@vercel","San Francisco, CA","https://github.com/samcx"
"sebastianroming","Sebastian Roming","","▲ @Vercel","Dunningen, Germany","https://github.com/sebastianroming"
"shuding","Shu Ding","g@shud.in","@Vercel","","https://github.com/shuding"
"skllcrn","Christopher","","Wulkano","Norway","https://github.com/skllcrn"
"smaeda-ks","Shohei Maeda","","","Tokyo, Japan","https://github.com/smaeda-ks"
"sokra","Tobias Koppers","","@vercel","Germany","https://github.com/sokra"
"styfle","Steven","","@vercel","::1","https://github.com/styfle"
"swarnava","Swarnava Sengupta","","@vercel","Kolkata, IN","https://github.com/swarnava"
"tajo","Vojtech Miksu","vojtech@miksu.cz","Vercel","San Francisco, CA","https://github.com/tajo"
"timolins","Timo Lins","me@timo.sh","@Vercel","Vienna, Austria","https://github.com/timolins"
"tknickman","Thomas Knickman","tknickman@gmail.com","@vercel","Baltimore, MD (Remote)","https://github.com/tknickman"
"tomocchino","Tom Occhino","","Vercel","San Francisco, CA","https://github.com/tomocchino"
"TooTallNate","Nathan Rajlich","","@vercel ","San Francisco, CA","https://github.com/TooTallNate"
"tutman96","Brandon Tuttle","","","","https://github.com/tutman96"
"VaguelySerious","Peter Wielander","mittgfu@gmail.com","@vercel ","San Francisco","https://github.com/VaguelySerious"
"vvo","Vincent Voyer","","Vercel","","https://github.com/vvo"
"wbinnssmith","Will Binns-Smith","","@vercel ","Bay Area, CA","https://github.com/wbinnssmith"
"willsather","Will Sather","","@vercel","Minneapolis, MN","https://github.com/willsather"
"WITS","Ian Jones","hi@ian.bio","@vercel","","https://github.com/WITS"
"yasoobrasheed","Yasoob Rasheed","","Vercel","San Francisco","https://github.com/yasoobrasheed"